<application>
  <component name="com.intellij.ide.ui.customization.CustomActionsSchema">
    <group value="Vcs.UpdateProject" is_action="true" action_type="1" position="1">
      <path value="root" />
      <path value="主工具栏" />
      <path value="左侧" />
      <path value="VCS 组" />
      <option name="myInitialPosition" value="-1" />
    </group>
    <group value="CheckinProject" is_action="true" action_type="1" position="2">
      <path value="root" />
      <path value="主工具栏" />
      <path value="左侧" />
      <path value="VCS 组" />
      <option name="myInitialPosition" value="-1" />
    </group>
    <group value="Vcs.Push" is_action="true" action_type="1" position="3">
      <path value="root" />
      <path value="主工具栏" />
      <path value="左侧" />
      <path value="VCS 组" />
      <option name="myInitialPosition" value="-1" />
    </group>
    <action id="GitPushBranchAction" icon="jar:file:/C:/Program%20Files/JetBrains/WebStorm%202023.1.1/lib/app.jar!/expui/toolbar/unknown.svg" />
  </component>
</application>