<application>
  <component name="FileTypeManager" version="18">
    <ignoreFiles list="*.pyc;*.pyo;*.rbc;*.yarb;*~;.DS_Store;.git;.hg;.idea;.svn;CVS;__pycache__;_svn;node_modules;vssver.scc;vssver2.scc" />
    <extensionMap>
      <mapping ext="mkd" type="Markdown" />
      <mapping pattern=".htacces" type="Native" />
      <mapping pattern="1" type="PLAIN_TEXT" />
      <mapping ext="java" type="Vue.js" />
      <removed_mapping ext="pdf" approved="true" type="Native" />
    </extensionMap>
  </component>
</application>